#, from, https://surnames.behindthename.com/names/usage/english
#, and, , https://en.wikipedia.org/wiki/Category:English-language_surnames
A'Beckett, Abbiss, Abbitt, Abbs, Absalom, A'Court, Adams, Addinall, Aitchison, Allenby, Ambler, Anstey, Arden, Arkwright, Astley, Bailey, Baker, Barry, Batley, Baxendale, Beale, Benson, Best, Birtwistle, Bishop, Blackett-Ord, Blackham, Bonham, Bonham-Carter, Botting, Bovey, Bowell, Bowers, Bowles, Braithwaite, Brigman, Bristow, Brooks, Brown, Buller, Burns, Bush, Calnan, Cavendish, Cheney, Childers, Clark, Clarke, Cleese, Cleland, Clerk, Clinton, Cluett, Clutterbuck, Coates, Coffin, Cole, Coleman, Colvin, Cook, Cooper, Cowman, Cox, Crawley, Crosby, Crowley, Cumberbatch, Dawson, Delahaye, Dickin, Dinn, Dowell, Downer, Drake, Drinkwater, Duke, Eady, Easmon, Eastwood, Edwardes, Edwards, Ellis, Every, Fairchild, Fitzroy, Flann, Fox, Furley, Gibbs, Gingell, Godfrey, Greenfield, Gregg, Grover, Hadfield, Haig, Haigh, Haines, Hall, Hardcastle, Harris, Harrison, Harvard, Haskett, Haslam, Hawdon, Hawthorne, Hay, Hector, Henry, Herle, Heron, Hewlett, Higgins, Hill, Hinsley, Hitchens, Hood, Hopley, Horler, Hunt, Irwin, Jackson, Jennings, Johnson, Jones, Kenyon, Kimbro, Kirkland, Kitchener, Klayman, Lampkin, Laws, Lea, Learoyd, Lee, Lillycrop, Lindley, Lockhart, Lowe, Makepeace, Manning, Mason, Mercer, Meyers, Midwinter, Minter, Mitchell, Moore, Mossman, Mullies, Neeve, Nethersole, Newdigate, Newey, Nix, Osborne, Osgood, Oxspring, Parker, Patten, Perkin, Perkins, Perry, Pertwee, Phelps, Phipson, Pierce, Pigot, Pigott, Pitt, Powlesland, Presley, Punter, Reynolds, Richardson, Richmond, Robertson, Robinson, Robshaw, Rogers, Rose, Rudd, Saxon, Seals, Short, Simpson, Slater, Smith, Smithers, Spain, Speakes, Spottiswoode, Stackhouse, Stanton, Stevenson, Stone, Stookey, Strefling, Abbey, Abbott, Abney, Abram, Abramson, Ackerman, Adair, Adamson, Adcock, Addison, Adkins, Aiken, Ainsworth, Akerman, Akers, Albertson, Alden, Alexander, Alfredson, Alger, Allsopp, Alvey, Alvin, Anderson, Andrews, Andrewson, Ansel, Anson, Appleby, Appleton, Apted, Archer, Arkwright, Armistead, Armstrong, Arnold, Arrington, Arterberry, Arterbury, Arthurson, Ash, Ashley, Ashworth, Aston, Aston, Atkins, Atkinson, Attaway, Atteberry, Atterberry, Attwater, Attwood, Atwater, Atwood, Audley, Augustine, Austin, Auteberry, Averill, Avery, Ayers, Ayers, Ayers, Aylmer, Ayton, Babcock, Backus, Badcock, Bagley, Bailey, Bain, Baines, Baker, Baldwin, Ball, Bancroft, Banister, Banks, Banner, Bannerman, Bannister, Bardsley, Barker, Barlow, Barnes, Barnet, Barnett, Barr, Barret, Barrett, Barton, Bartram, Bass, Bates, Bateson, Battle, Batts, Baxter, Beake, Bean, Beasley, Beck, Beck, Becket, Beckett, Beckham, Belanger, Belcher, Bell, Bell, Benbow, Benjaminson, Benn, Bennet, Bennett, Benson, Bentley, Benton, Berry, Best, Beverley, Beverly, Bird, Bishop, Bisset, Bissette, Black, Blackbourne, Blackburn, Blackman, Blake, Blakeslee, Blakesley, Bloodworth, Bloxam, Bloxham, Blue, Blythe, Boatwright, Bolton, Bond, Bone, Bone, Bonham, Bonner, Bonney, Boon, Boon, Boone, Booth, Boothman, Botterill, Botwright, Bourke, Bourne, Bowman, Boyce, Braddock, Bradford, Bradley, Brandon, Branson, Brasher, Brassington, Bray, Brent, Brett, Brewer, Brewster, Brice, Brigham, Bristol, Bristow, Brittain, Britton, Broadbent, Brock, Bronson, Brook, Brooke, Brooks, Brown, Browne, Brownlow, Bryan, Bryant, Bryce, Bryson, Buckley, Bull, Bullard, Bullock, Bunker, Burnham, Burrell, Burton, Bush, Butcher, Butts, Byrd, Caldwell, Cannon, Cantrell, Carlisle, Carlyle, Carman, Carman, Carpenter, Carter, Cartwright, Carver, Castle, Caulfield, Causer, Causey, Chadwick, Chamberlain, Chambers, Chance, Chancellor, Chandler, Chapman, Chase, Cheshire, Chester, Christians, Christianson, Christinsen, Christison, Christopher, Christophers, Christopherson, Church, Clark, Clarke, Clarkson, Clay, Clayton, Clemens, Clement, Clifford, Clifton, Clinton, Close, Cobb, Cock, Cocks, Coke, Cokes, Cole, Collingwood, Collins, Colton, Combs, Comstock, Conner, Constable, Cook, Cooke, Cookson, Coombs, Cooper, Corey, Cornell, Cornett, Corwin, Cory, Cotterill, Coupe, Courtenay, Courtenay, Courtney, Cowden, Cox, Coy, Crawford, Crewe, Crisp, Croft, Cropper, Cross, Crouch, Cullen, Curtis, Dabney, Dale, Dalton, Dane, Dane, Danell, Daniell, Daniels, Danielson, Dannel, Danniel, Danniell, Darby, Darrell, Darwin, Daubney, Davids, Davidson, Davison, Dawson, Day, Deadman, Dean, Dean, Debenham, Dedrick, Deering, Delaney, Denman, Dennell, Denzil, Derby, Derrick, Derricks, Derrickson, Devereux, Devin, Devine, Dexter, Dick, Dickens, Dickenson, Dickinson, Dickman, Dickson, Disney, Dixon, Doctor, Dodge, Donalds, Donaldson, Dorsey, Downer, Drake, Draper, Dudley, Duke, Dukes, Dustin, Dwerryhouse, Dwight, Dyer, Dyson, Eads, Earl, Earls, Easom, Eason, Easton, Eaton, Eccleston, Ecclestone, Edgar, Edison, Edwards, Edwardson, Elder, Eldred, Eldridge, Eliot, Eliott, Ellery, Elliot, Elliott, Ellison, Ellisson, Elliston, Ellsworth, Elmer, Elvis, Elwes, Elwin, Elwyn, Ely, Emerson, Emmet, Emmett, Endicott, English, Erickson, Eustis, Evanson, Evelyn, Evered, Everett, Everill, Everly, Ewart, Ewart, Fairburn, Fairchild, Fairclough, Farmer, Farnham, Fear, Fenn, Fiddler, Fields, Fishman, Fitzroy, Fleming, Fletcher, Ford, Forester, Forrest, Fortune, Foss, Foster, Foster, Foster, Foster, Fowler, Fox, Francis, Frank, Frank, Franklin, Franklyn, Freeman, Fry, Frye, Fuller, Fulton, Gabriels, Gabrielson, Garbutt, Gardener, Gardiner, Gardner, Garey, Garfield, Garland, Garner, Garner, Garnet, Garnett, Garnett, Garnier, Garrard, Garret, Garrett, Garrod, Garry, Gary, Geary, George, Georgeson, Gibb, Giffard, Gilbert, Giles, Gilliam, Gladwin, Gladwyn, Glazier, Glover, Goddard, Godfrey, Goffe, Good, Goode, Goodwin, Gorbold, Gore, Granville, Graves, Gray, Green, Greene, Gregory, Grenville, Grey, Griffin, Groves, Gully, Hackett, Hadaway, Haden, Haggard, Haight, Hailey, Haines, Hale, Haley, Hambleton, Hamm, Hammond, Hampson, Hampton, Hancock, Hanley, Hanson, Harden, Harding, Hardwick, Harford, Hargrave, Harlan, Harland, Harley, Harlow, Harman, Harmon, Harper, Harrell, Harrelson, Harris, Harrison, Hart, Hartell, Harvey, Hathaway, Hatheway, Hathway, Haward, Hawk, Hawking, Hawkins, Hayden, Hayes, Hayley, Haynes, Hayter, Hayward, Haywood, Head, Headley, Heath, Hedley, Henry, Henryson, Henson, Herbertson, Hermanson, Herriot, Hershey, Hewitt, Hext, Hibbert, Hicks, Hightower, Hill, Hillam, Hilton, Hobbes, Hobbs, Hobson, Hodges, Hodson, Hogarth, Hoggard, Holland, Hollands, Hollins, Holmwood, Homewood, Honeycutt, Honeysett, Hooker, Hooper, Hope, Hopkins, Hopper, Hopson, Horne, Horsfall, Horton, House, Howard, Howard, Howe, Howland, Howse, Huddleson, Huddleston, Hudnall, Hudson, Huff, Hughes, Hull, Humphrey, Hunnicutt, Hunnisett, Hunt, Hurst, Hutson, Huxley, Huxtable, Hyland, Ianson, Ibbot, Ibbott, Ikin, Ilbert, Ingham, Ingram, Irvin, Irwin, Isaacson, Jackson, Jacobson, Jakeman, Jakeman, James, Jameson, Jamison, Jarrett, Jarvis, Jeanes, Jeanes, Jeffers, Jefferson, Jeffery, Jeffries, Jekyll, Jenkins, Jennings, Jephson, Jepson, Jerome, Jervis, Jewel, Jewell, Jinks, Johns, Johnson, Joiner, Josephs, Josephson, Joyner, Judd, Kay, Kay, Keen, Keighley, Kellogg, Kelsey, Kemp, Kendal, Kendall, Kendrick, Kennard, Kerry, Kersey, Kevins, Kevinson, Key, Keys, Killam, Kimball, Kimberley, Kimberly, King, Kingsley, Kingston, Kinsley, Kipling, Kirby, Kitchen, Kitchens, Knaggs, Knight, Kynaston, Lacey, Lacy, Landon, Lane, Langdon, Langley, Larson, Law, Lawrence, Lawson, Layton, Leach, Leavitt, Ledford, Lee, Leigh, Leighton, Leonard, Leonardson, Levitt, Lewin, Lewis, Leyton, Lincoln, Lindon, Linton, Linwood, Little, Lockwood, Loman, London, Long, Longstaff, Love, Lovel, Lovell, Lowell, Lukeson, Lum, Lyndon, Lynn, Lynton, Lynwood, Macey, Macy, Maddison, Madison, Mallory, Mark, Marley, Marlow, Marlowe, Marsden, Marshall, Marston, Martins, Martinson, Mason, Massey, Masterson, Mathers, Mathews, Mathewson, Matthews, Matthewson, May, Mayer, Mayes, Maynard, Meadows, Mercer, Merchant, Merrill, Merritt, Michael, Michaels, Michaelson, Midgley, Milburn, Miles, Milford, Millard, Miller, Millhouse, Mills, Millward, Milton, Minett, Mitchell, Monday, Monday, Mondy, Moon, Moore, Moore, Moore, Moores, Moors, Morce, Morin, Morison, Morrish, Morrison, Morriss, Morse, Mottershead, Mould, Mounce, Munson, Murgatroyd, Mutton, Myers, Myles, Mynatt, Nash, Nathans, Nathanson, Neal, Nelson, Newman, Newport, Newton, Nichols, Nicholson, Nicolson, Nielson, Nigel, Niles, Nixon, Norman, Normanson, North, Northrop, Norton, Norwood, Nowell, Nye, Oakley, Odell, Ogden, Oliverson, Osborne, Osbourne, Otis, Outlaw, Outterridge, Overton, Owston, Paddon, Padmore, Paige, Palmer, Parish, Parish, Park, Park, Parker, Parks, Parrish, Parsons, Patrick, Patrickson, Paulson, Payton, Peacock, Peak, Pearce, Pearson, Peck, Peck, Pelley, Pemberton, Pender, Penny, Perkins, Perry, Peterson, Peyton, Phelps, Phillips, Pickering, Pickle, Pierce, Pierson, Piper, Pitts, Plaskett, Platt, Pocock, Poindexter, Polley, Pond, Poole, Pope, Porter, Potter, Pound, Power, Pratt, Prescott, Presley, Pressley, Preston, Priestley, Proudfoot, Pryor, Purcell, Putnam, Queshire, Quick, Quickley, Quincey, Quincy, Radcliff, Radclyffe, Raines, Rains, Rake, Rakes, Randal, Randall, Randell, Ray, Rayne, Raynerson, Read, Read, Readdie, Ready, Reed, Reeve, Rennell, Rennold, Rennoll, Revie, Rey, Reynell, Reynolds, Rhodes, Richards, Richardson, Rickard, Rider, Ridley, Rigby, Riley, Rimmer, Roach, Robbins, Roberts, Robertson, Robinson, Robson, Roderick, Rodgers, Rogers, Rogerson, Rollins, Roscoe, Rose, Rounds, Rowbottom, Rowland, Rowntree, Royce, Royceston, Roydon, Royle, Royston, Ruggles, Rush, Ruskin, Russel, Russell, Ryder, Rye, Ryer, Ryers, Ryley, Sackville, Sadler, Salvage, Sampson, Sams, Samuels, Samuelson, Sanders, Sanderson, Sandford, Sands, Sanford, Sappington, Sargent, Savage, Savidge, Sawyer, Saylor, Scarlett, Scriven, Scrivener, Scrivenor, Scrivens, Seabrook, Seabrooke, Seaver, Selby, Sempers, Senior, Sessions, Seward, Seward, Sexton, Seymour, Seymour, Shakespeare, Sharman, Sharp, Sharrow, Shaw, Shearer, Shelby, Shelton, Shepard, Shepherd, Sheppard, Sherburn, Sherburne, Sherman, Shine, Short, Siddall, Sidney, Sierżant, Silver, Simmons, Simms, Simonson, Simpkin, Simpson, Sims, Sinclair, Skeates, Skinner, Slater, Small, Smalls, Smedley, Smith, Smythe, Snell, Snelling, Snider, Sniders, Snyder, Snyders, Southgate, Spalding, Sparks, Spear, Spearing, Spears, Speight, Spence, Spencer, Spooner, Spurling, Stacey, Stack, Stacks, Stacy, Stafford, Stainthorpe, Stamp, Stanford, Stanley, Stanton, Starr, Statham, Steed, Steele, Stephens, Stephenson, Stern, Stevens, Stevenson, Stidolph, St-john, Stoddard, Stone, Strange, Street, Strickland, Stringer, Stroud, Strudwick, Styles, Sudworth, Suggitt, Summerfield, Summers, Summers, Sumner, Sutton, Sweet, Swindlehurst, Sydney, Symonds, Symons, Taft, Tailor, Tanner, Tash, Tasker, Tate, Tatham, Tatton, Tatum, Taylor, Teel, Tennison, Tennyson, Terrell, Terry, Thacker, Thatcher, Thompsett, Thompson, Thomson, Thorley, Thorne, Thornton, Thorpe, Thrussell, Thurstan, Thwaite, Tifft, Timberlake, Tindall, Tinker, Tipton, Tirrell, Tittensor, Tobin, Tod, Todd, Toft, Tolbert, Tollemache, Toller, Towner, Townsend, Tracey, Trask, Traves, Travis, Traviss, Traylor, Treloar, Trengove, Trent, Trevis, Triggs, Trueman, Truman, Tucker, Tuff, Tuft, Tupper, Turner, Tyler, Tyrell, Tyrrell, Tyson, Tyson, Underhill, Underwood, Upton, Vance, Vann, Varley, Varnham, Verity, Vernon, Victors, Vipond, Virgo, Wade, Wade, Wakefield, Waldroup, Walker, Waller, Waller, Waller, Walmsley, Walters, Walterson, Walton, Ward, Wardrobe, Ware, Ware, Warren, Warren, Warrick, Warwick, Wash, Washington, Waterman, Waters, Waters, Watkins, Watt, Watts, Way, Wayne, Weaver, Weaver, Webb, Webster, Weekes, Welch, Wells, Wembley, Wescott, Wesley, Westbrook, Westcott, Westley, Wheeler, Wheelock, Whinery, Whitaker, White, Whitney, Whittemore, Whittle, Wickham, Wilbur, Wilcox, Wilkerson, Wilkie, Wilkins, Wilkinson, Willard, William, Williams, Williamson, Willis, Willoughby, Wilmer, Wilson, Wilton, Winchester, Winfield, Winship, Winslow, Winston, Winterbottom, Winthrop, Winton, Witherspoon, Wolfe, Womack, Woodcock, Woodham, Woodhams, Woodrow, Woodward, Wootton, Wortham, Wragge, Wray, Wright, Wright, Wyatt, Wyman, Wyndham, Wynne, Yap, Yates, Yong, York, Young, Younge, Yoxall
